ВУЗ,Направление_подготовки_1,Направление_подготовки_2,Форма,Программа,Бюджетные,Платные,Год,Стоимость,Балл_Б,Балл_П,Балл_макс,Факультет,Название программы,Ссылка,ЦП,Предмет1,Предмет2,Макс_балл
МФТИ,01.04.02,Прикладная математика и информатика,Очная,Прикладная математика и информатика,25,10,2.0,502000,10,10,40.0,,,,,,,
МФТИ,01.04.02,Прикладная математика и информатика,Очная,Современная комбинаторика,0,20,2.0,502000,10,10,40.0,,,,,,,
МФТИ,01.04.02,Прикладная математика и информатика,Очная,Цифровая экономика,0,20,2.0,502000,10,10,40.0,,,,,,,
МФТИ,01.04.02,Прикладная математика и информатика,Очная,Advanced Combinatorics,0,5,2.0,502000,10,10,40.0,,,,,,,
МФТИ,01.04.02,Прикладная математика и информатика,Очная,Contemporary Сombinatorics,0,10,2.0,502000,10,10,40.0,,,,,,,
МФТИ,01.04.02,Прикладная математика и информатика,Очная,Modern state of Artificial Intelligence,0,15,2.0,502000,10,10,40.0,,,,,,,
МФТИ,01.04.02,Прикладная математика и информатика,Очная,Науки о данных,0,80,2.0,502000,10,10,40.0,,,,,,,
МФТИ,03.04.01,Прикладные математика и физика,Очная,Радиотехника и компьютерные технологии,98,5,2.0,528000,10,10,40.0,,,,,,,
МФТИ,03.04.01,Прикладные математика и физика,Очная,ЛФИ Математика и физика,135,2,2.0,528000,10,10,40.0,,,,,,,
МФТИ,03.04.01,Прикладные математика и физика,Очная,Вычислительная биоинформатика,0,5,2.0,528000,10,10,40.0,,,,,,,
МФТИ,03.04.01,Прикладные математика и физика,Очная,Integrated Structural Biology and Genetics,10,1,2.0,528000,10,10,40.0,,,,,,,
МФТИ,03.04.01,Прикладные математика и физика,Очная,Аэрокосмические технологии,72,4,2.0,528000,10,10,40.0,,,,,,,
МФТИ,03.04.01,Прикладные математика и физика,Очная,Beam-Plasma Systems and Technologies,0,8,2.0,528000,10,10,40.0,,,,,,,
МФТИ,03.04.01,Прикладные математика и физика,Очная,Физика перспективных технологий,83,5,2.0,528000,10,10,40.0,,,,,,,
МФТИ,03.04.01,Прикладные математика и физика,Очная,Биофизика и биоинформатика,34,5,2.0,528000,10,10,40.0,,,,,,,
МФТИ,03.04.01,Прикладные математика и физика,Очная,Алгоритмическая биология,0,15,2.0,528000,10,10,40.0,,,,,,,
МФТИ,03.04.01,Прикладные математика и физика,Очная,Applied Bioinformatics,0,1,2.0,528000,10,10,40.0,,,,,,,
МФТИ,03.04.01,Прикладные математика и физика,Очная,Биофизика и инженерия в нанобиотехнологиях,10,1,2.0,528000,10,10,40.0,,,,,,,
МФТИ,03.04.01,Прикладные математика и физика,Очная,"Природоподобные, плазменные и ядерные технологии",34,34,2.0,528000,10,10,40.0,,,,,,,
МФТИ,03.04.01,Прикладные математика и физика,Очная,Технологическое предпринимательство,0,30,2.0,528000,10,10,40.0,,,,,,,
МФТИ,03.04.01,Прикладные математика и физика,Очная,Прикладной анализ данных в медицинской сфере,0,60,2.0,528000,10,10,40.0,,,,,,,
МФТИ,06.04.01,Биология,Очная,Биология,0,6,2.0,528000,10,10,40.0,,,,,,,
МФТИ,09.04.01,Информатика и вычислительная техника,Очная,Программная инженерия,18,1,2.0,562000,10,10,40.0,,,,,,,
МФТИ,09.04.01,Информатика и вычислительная техника,Очная,Информатика и вычислительная техника,383,30,2.0,562000,10,10,40.0,,,,,,,
МФТИ,09.04.01,Информатика и вычислительная техника,Очная,Разработка IT-продукта,0,80,2.0,562000,10,10,40.0,,,,,,,
МФТИ,11.04.02,Инфокоммуникационные технологии и системы связи,Очная,Инфокоммуникационные технологии и системы связи,10,2,2.0,528000,10,10,40.0,,,,,,,
МФТИ,11.04.04,Электроника и наноэлектроника,Очная,Электроника и наноэлектроника,10,1,2.0,528000,10,10,40.0,,,,,,,
МФТИ,12.04.03,Фотоника и оптоинформатика,Очная,"Photonics, Quantum Technologies and 2D Materials",10,1,2.0,528000,10,10,40.0,,,,,,,
МФТИ,14.04.02,Ядерная физика и технологии,Очная,"Ядерная физика, управляемый термоядерный синтез и компьютерные методы в физике",10,1,2.0,615000,10,10,40.0,,,,,,,
МФТИ,16.04.01,Техническая физика,Очная,Техническая физика,12,1,2.0,615000,10,10,40.0,,,,,,,
МФТИ,16.04.01,Техническая физика,Очная,Радиолокационные технологии,10,1,2.0,615000,10,10,40.0,,,,,,,
МФТИ,19.04.01,Биотехнология,Очная,Биотехнология,59,15,2.0,528000,10,10,40.0,,,,,,,
МФТИ,19.04.01,Биотехнология,Очная,Medical Biotechnology,0,2,2.0,528000,10,10,40.0,,,,,,,
МФТИ,22.04.01,Материаловедение и технологии материалов,Очная,Перспективные функциональные материалы,6,1,2.0,528000,10,10,40.0,,,,,,,
МФТИ,27.04.03,Системный анализ и управление,Очная,Системный анализ и управление,15,1,2.0,528000,10,10,40.0,,,,,,,
МФТИ,27.04.07,Наукоёмкие технологии и экономика инноваций,Очная,Создание и развитие высокотехнологичного бизнеса,0,60,2.0,528000,10,10,40.0,,,,,,,
МФТИ,27.04.07,Наукоёмкие технологии и экономика инноваций,Очная,Системный инжиниринг,0,20,2.0,528000,10,10,40.0,,,,,,,
МФТИ,27.04.07,Наукоёмкие технологии и экономика инноваций,Очная,Наукоёмкие технологии и экономика инноваций,20,5,2.0,528000,10,10,40.0,,,,,,,
МФТИ,27.04.07,Наукоёмкие технологии и экономика инноваций,Очная,Реализация технологических бизнес-проектов,0,54,2.0,528000,10,10,40.0,,,,,,,
МФТИ,38.04.05,Бизнес-информатика,Очная,Бизнес-информатика,6,3,2.0,502000,10,10,40.0,,,,,,,
МФТИ,38.04.05,Бизнес-информатика,Очная,Управление цифровым продуктом,0,100,2.0,502000,10,10,40.0,,,,,,,
МФТИ,38.04.05,Бизнес-информатика,Очная,Финансовые технологии и аналитика,0,70,2.0,502000,10,10,40.0,,,,,,,
Финансовый университет,37.04.01,Психология,Очная,,0,15,2.0,300000,40,40,100.0,Факультет социальных наук и массовых коммуникаций,Прикладная киберпсихология в бизнесе и коммуникациях,https://magistratura.fa.ru/fakultet0sotsialnykh0nauk0i0massovykh0kommunikatsiy0fsnimk/prikladnaya0kiberpsikhologiya0v0biznese0i0kommunikatsiyakh/,0.0,На выбор: Психология/ или Теории массовых коммуникаций/ или Экономическая теория,Иностранный язык,
Финансовый университет,01.04.02,Прикладная математика и информатика,Очная,,10,5,2.0,350000,40,40,100.0,Факультет информационных технологий и анализа больших данных,Машинное обучение на текстах и графах,https://magistratura.fa.ru/fakultet0informacionnyh0tehnologiy0i0analiza0bolshih0dannyh045/mashinnoe0obuchenie0na0tekstakh0i0grafakh/,1.0,Математика и информатика,Иностранный язык,
Финансовый университет,01.04.02,Прикладная математика и информатика,Очная,,10,5,2.0,370000,40,40,100.0,Факультет информационных технологий и анализа больших данных,Компьютерное зрение,,0.0,Математика и информатика,,
Финансовый университет,01.04.05,Статистика,Очная,,0,16,2.0,350000,40,40,100.0,"Факультет налогов, аудита и бизнес0анализа",Аналитика данных,https://magistratura.fa.ru/fakultet0nalogov0audita0i0biznes0analizaa/analitika0dannykh/,0.0,Математика и информатика,Иностранный язык,
Финансовый университет,09.04.03,Прикладная информатика,Очная,,12,5,2.0,360000,40,40,100.0,Факультет информационных технологий и анализа больших данных,DevOps0инженерия,https://magistratura.fa.ru/fakultet0informacionnyh0tehnologiy0i0analiza0bolshih0dannyh029/devops0inzheneriya/,2.0,Математика и информатика,Иностранный язык,
Финансовый университет,,,Заочная ДОТ,,23,10,2.5,200000,40,40,100.0,Институт открытого образования,Управление большими данными,https://magistratura.fa.ru/institut0otkrytogo0obrazovaniya/upravlenie0bolshimi0dannymi/,3.0,Математика и информатика,Иностранный язык,
Финансовый университет,,,Очная,,0,20,2.0,400000,40,40,100.0,Факультет информационных технологий и анализа больших данных,,,0.0,Математика и информатика,Иностранный язык,
Финансовый университет,10.04.01,Информационная безопасность,Очная,,45,5,2.0,370000,40,40,100.0,Факультет информационных технологий и анализа больших данных,,,9.0,Математика и информатика,Иностранный язык,
Финансовый университет,15.04.06,Мехатроника и робототехника,Очная,,3,10,2.0,375000,40,40,100.0,Факультет информационных технологий и анализа больших данных,Программирование интеллектуальных роботов,https://magistratura.fa.ru/fakultet0informatsionnykh0tekhnologiy0i0analiza0bolshikh0dannykh/programmirovaniye0intellektualnykh0robotov/,1.0,Математика и информатика,Иностранный язык,
Финансовый университет,27.04.05,Инноватика,Очная,,0,16,2.0,355000,40,40,100.0,"Факультет ""Высшая школа управления""",,,0.0,На выбор: Математика и информатика или Экономическая теория,Иностранный язык,
Финансовый университет,38.04.01,Экономика,Очная,,4,12,2.0,350000,40,40,100.0,"Факультет налогов, аудита и бизнес0анализа",Управленческий учет в бизнесе,https://magistratura.fa.ru/fakultet0nalogov0audita0i0biznes0analiza01/upravlencheskiy0uchet0v0biznese/,0.0,Экономическая теория,Иностранный язык,
Финансовый университет,38.04.01,Экономика,Очная,,4,12,2.0,360000,40,40,100.0,"Факультет налогов, аудита и бизнес0анализа",Международный учет и аудит,https://magistratura.fa.ru/fakultet0nalogov0audita0i0biznes0analiza01/mezhdunarodnyy0uchet0i0audit01/,1.0,Экономическая теория,Иностранный язык,
Финансовый университет,38.04.01,Экономика,Очная,,5,11,2.0,360000,40,40,100.0,"Факультет налогов, аудита и бизнес0анализа",Корпоративная отчетность и право в бизнесе (дополнительная квалификация Юрист в сфере корпоративного управления),https://magistratura.fa.ru/fakultet0nalogov0audita0i0biznes0analiza01/korporativnaya0otchetnost0i0pravo0v0biznese/,1.0,Экономическая теория,Иностранный язык,
Финансовый университет,38.04.01,Экономика,Очная,,5,11,2.0,360000,40,40,100.0,"Факультет налогов, аудита и бизнес0анализа",Анализ и стратегический менеджмент в бизнесе (дополнительная квалификация Специалист по корпоративному управлению),https://magistratura.fa.ru/fakultet0nalogov0audita0i0biznes0analiza01/analiz0i0strategicheskiy0menedzhment0v0biznese/,0.0,Экономическая теория,Иностранный язык,
Финансовый университет,38.04.01,Экономика,Очная,,9,7,2.0,350000,40,40,100.0,"Факультет налогов, аудита и бизнес0анализа",Налоги. Бухгалтерский учет. Налоговый консалтинг,https://magistratura.fa.ru/fakultet0nalogov0audita0i0biznes0analiza01/nalogi0buhgalterskiy0uchet0nalogovyy0konsalting01/,1.0,Экономическая теория,Иностранный язык,
Финансовый университет,38.04.01,Экономика,Очная,,9,7,2.0,360000,40,40,100.0,"Факультет налогов, аудита и бизнес0анализа",Аудит и финансовый консалтинг,https://magistratura.fa.ru/fakultet0nalogov0audita0i0biznes0analiza01/audit0i0finansovyy0konsalting01/,1.0,Экономическая теория,Иностранный язык,
Финансовый университет,38.04.01,Экономика,Очная,,9,7,2.0,350000,40,40,100.0,"Факультет налогов, аудита и бизнес0анализа",Таможенное и аналитическое сопровождение ВЭД,https://magistratura.fa.ru/fakultet0nalogov0audita0i0biznes0analiza01/tamozhennoe0regulirovanie0i0analiticheskoe0soprovozhdenie0ved/,1.0,Экономическая теория,Иностранный язык,
Финансовый университет,38.04.01,Экономика,Очная,,12,16,2.0,360000,40,40,100.0,"Факультет налогов, аудита и бизнес0анализа",Финансовый анализ и оценка инвестиционных решений,"https://magistratura.fa.ru/?set_filter=y&arrFilter_302=2376241644#:~:text=%D0%A4%D0%B8%D0%BD%D0%B0%D0%BD%D1%81%D0%BE%D0%B2%D1%8B%D0%B9%20%D0%B0%D0%BD%D0%B0%D0%BB%D0%B8%D0%B7%20%D0%B8,12",0.0,Экономическая теория,Иностранный язык,
Финансовый университет,38.04.01,Экономика,Очная,,6,10,2.0,390000,40,40,100.0,Финансовый факультет,Ценные бумаги и финансовый инжиниринг,https://magistratura.fa.ru/finansovyy0fakultet01/cennye0bumagi0i0finansovyy0inzhiniring01/,1.0,Экономическая теория,Иностранный язык,
Финансовый университет,38.04.01,Экономика,Очная,,6,10,2.0,350000,40,40,100.0,Финансовый факультет,Финансовый контроллинг,https://magistratura.fa.ru/finansovyy0fakultet01/finansovyy0kontrolling0ochn/,1.0,Экономическая теория,Иностранный язык,
Финансовый университет,38.04.01,Экономика,Очная,,6,10,2.0,360000,40,40,100.0,Финансовый факультет,Финансы и институты развития,https://magistratura.fa.ru/finansovyy0fakultet01/finansy0i0instituty0razvitiya/,1.0,Экономическая теория,Иностранный язык,
Финансовый университет,38.04.01,Экономика,Очная,,6,10,2.0,360000,40,40,100.0,Финансовый факультет,Финансовые технологии цифровой экономики,https://magistratura.fa.ru/finansovyy0fakultet01/finansovye0tekhnologii0tsifrovoy0ekonomiki/,1.0,Экономическая теория,Иностранный язык,
Финансовый университет,38.04.01,Экономика,Очная,,0,16,2.0,360000,40,40,100.0,Факультет экономики и бизнеса,Комплаенс0контроль в деятельности хозяйствующего субъекта,https://magistratura.fa.ru/fakultet0ekonomiki0i0biznesa01/finansy0korporatsiy0i0esg0transformatsiya0biznesa/,0.0,Экономическая теория,Иностранный язык,
Финансовый университет,38.04.01,Экономика,Очная,,0,12,2.0,360000,40,40,100.0,Факультет экономики и бизнеса,Продюсирование (дополнительная квалификация Продюсер),https://magistratura.fa.ru/fakultet0ekonomiki0i0biznesa01/ekonomika0i0modelirovanie0biznes0processov0toplivno0energeticheskogo0kompleksa01/,0.0,Экономическая теория,Иностранный язык,
Финансовый университет,38.04.01,Экономика,Очная,,9,7,2.0,360000,40,40,100.0,Факультет экономики и бизнеса,Финансовые расследования в организациях,https://magistratura.fa.ru/fakultet0ekonomiki0i0biznesa01/finansovye0rassledovaniya0v0organizaciyah01/,1.0,Экономическая теория,Иностранный язык,
Финансовый университет,38.04.01,Экономика,Очная,,0,16,2.0,380000,40,40,100.0,Факультет экономики и бизнеса,Внутренний аудит и управление рисками организации,,0.0,Экономическая теория,Иностранный язык,
Финансовый университет,38.04.01,Экономика,Очная,,9,7,2.0,370000,40,40,100.0,Факультет экономики и бизнеса,Финансы корпораций и ESG – трансформация бизнеса,https://magistratura.fa.ru/fakultet0ekonomiki0i0biznesa01/ocenka0biznesa0i0korporativnye0finansy01/,1.0,Экономическая теория,Иностранный язык,
Финансовый университет,38.04.01,Экономика,Очная,,10,6,2.0,370000,40,40,100.0,Факультет экономики и бизнеса,Экономика и моделирование бизнес0процессов топливно0энергетического комплекса (с частичной реализацией на англ. языке),https://magistratura.fa.ru/fakultet0ekonomiki0i0biznesa01/komplaens0kontrol0v0deyatelnosti0hozyaystvuyushchego0subekta01/,1.0,Экономическая теория,Иностранный язык,
Финансовый университет,38.04.01,Экономика,Очная,,10,6,2.0,400000,40,40,100.0,Факультет экономики и бизнеса,Оценка бизнеса и корпоративные финансы,https://magistratura.fa.ru/fakultet0ekonomiki0i0biznesa01/prodyusirovanie/,1.0,Экономическая теория,Иностранный язык,
Финансовый университет,38.04.01,Экономика,Очная,,0,16,2.0,360000,40,40,100.0,Факультет международных экономических отношений,Экономическая дипломатия,https://magistratura.fa.ru/fakultet0mejdunarodnyh0ekonomicheskih0otnosheniy01/ekonomicheskaya0diplomatiya/,0.0,Экономическая теория,Иностранный язык,
Финансовый университет,38.04.01,Экономика,Очная,,0,16,2.0,360000,40,40,100.0,Факультет международных экономических отношений,Международная экономика и право (с частичной реализацией на англ. языке) (дополнительная квалификация Специалист по международному праву),https://magistratura.fa.ru/fakultet0mejdunarodnyh0ekonomicheskih0otnosheniy01/mezhdunarodnaya0ekonomika0i0pravo/,0.0,Экономическая теория,Иностранный язык,
Финансовый университет,38.04.01,Экономика,Очная,,10,6,2.0,370000,40,40,100.0,Факультет международных экономических отношений,Международный финансовый рынок (с частичной реализацией на англ. языке),https://magistratura.fa.ru/fakultet0mejdunarodnyh0ekonomicheskih0otnosheniy01/mezhdunarodnyy0finansovyy0rynok0s0chastichnoy0realizatsiey0na0angl0yazyke/,1.0,Экономическая теория,Иностранный язык,
Финансовый университет,38.04.01,Экономика,Очная,,12,13,2.0,360000,40,40,100.0,Факультет международных экономических отношений,Международный энергетический бизнес (с частичной реализацией на англ. языке),https://magistratura.fa.ru/fakultet0mejdunarodnyh0ekonomicheskih0otnosheniy01/mezhdunarodnyy0energeticheskiy0biznes/,1.0,Экономическая теория,Иностранный язык,
Финансовый университет,38.04.01,Экономика,Очная,,13,12,2.0,400000,40,40,100.0,Факультет международных экономических отношений,Международные финансы / International Finance,https://magistratura.fa.ru/fakultet0mejdunarodnyh0ekonomicheskih0otnosheniy01/mezhdunarodnye0finansy0international0finance/,1.0,Экономическая теория,Иностранный язык,
Финансовый университет,38.04.01,Экономика,Очная,,15,16,2.0,370000,40,40,100.0,Факультет международных экономических отношений,Международная экономика и бизнес0инжиниринг (с частичной реализацией на англ. языке) (совместно с Шаньдуньским университетом финансов и экономики (КНР) и университетом Фудань (КНР)),https://magistratura.fa.ru/fakultet0mejdunarodnyh0ekonomicheskih0otnosheniy01/mezhdunarodnaya0ekonomika0i0biznes0inzhiniring/,1.0,Экономическая теория,Иностранный язык,
Финансовый университет,38.04.01,Экономика,Заочная ДОТ,,3,30,2.5,200000,40,40,100.0,Институт открытого образования,Корпоративные финансы и управление (с полным применением ДОТ),https://magistratura.fa.ru/institut0otkrytogo0obrazovaniyya/korporativnye0finansy0i0upravlenie01/,1.0,Экономическая теория,Иностранный язык,
Финансовый университет,38.04.01,Экономика,Заочная ДОТ,,4,13,2.5,200000,40,40,100.0,Институт открытого образования,Управление собственностью в акционерных обществах с государственным участием (с полным применением ДОТ),https://magistratura.fa.ru/institut0otkrytogo0obrazovaniyya/upravlenie0sobstvennostyu0v0aktsionernykh0obshchestvakh0s0gosudarstvennym0uchastiem/,1.0,Экономическая теория,Иностранный язык,
Финансовый университет,38.04.01,Экономика,Заочная ДОТ,,4,11,2.5,200000,40,40,100.0,Институт открытого образования,Анализ и аудит в госкорпорациях и бизнесе (с частичным применением ДОТ),https://magistratura.fa.ru/institut0otkrytogo0obrazovaniyya/analiz0i0audit0v0goskorporatsiyakh0i0biznese/,0.0,Экономическая теория,Иностранный язык,
Финансовый университет,38.04.01,Экономика,Заочная ДОТ,,4,11,2.5,210000,40,40,100.0,Институт открытого образования,Бизнес0среда и корпоративные финансы (с частичным применением ДОТ),https://magistratura.fa.ru/institut0otkrytogo0obrazovaniyya/biznes0sreda0i0korporativnye0finansy/,0.0,Экономическая теория,Иностранный язык,
Финансовый университет,38.04.01,Экономика,Заочная ДОТ,,4,11,2.5,200000,40,40,100.0,Институт открытого образования,Налоговое и таможенное сопровождение бизнеса (с полным применением ДОТ),https://magistratura.fa.ru/institut0otkrytogo0obrazovaniyya/nalogovoe0i0tamozhennoe0soprovozhdenie0biznesa/,0.0,Экономическая теория,Иностранный язык,
Финансовый университет,38.04.01,Экономика,Заочная ДОТ,,4,15,2.5,200000,40,40,100.0,Институт открытого образования,Аудит корпоративной безопасности (с полным применением ДОТ),https://magistratura.fa.ru/institut0otkrytogo0obrazovaniyya/audit0korporativnoy0bezopasnosti0distant/,0.0,Экономическая теория,Иностранный язык,
Финансовый университет,38.04.02,Менеджмент,Очная,,0,16,2.0,350000,40,40,100.0,"Факультет ""Высшая школа управления""",Реструктуризация бизнеса и антикризисное управление,https://magistratura.fa.ru/fakultet0vysshaya0shkola0upravleniya017/business0restructuring/,0.0,Экономическая теория,Иностранный язык,
Финансовый университет,38.04.02,Менеджмент,Очная,,6,10,2.0,360000,40,40,100.0,"Факультет ""Высшая школа управления""",Управленческий консалтинг,https://magistratura.fa.ru/fakultet0vysshaya0shkola0upravleniya017/management0consulting/,0.0,Экономическая теория,Иностранный язык,
Финансовый университет,38.04.02,Менеджмент,Очная,,6,10,2.0,350000,40,40,100.0,"Факультет ""Высшая школа управления""",Управление проектами государственно0частного партнерства,https://magistratura.fa.ru/fakultet0vysshaya0shkola0upravleniya017/upravlenie0proektami0gosudarstvenno0chastnogo0partnerstva01/,0.0,Экономическая теория,Иностранный язык,
Финансовый университет,38.04.02,Менеджмент,Очная,,7,9,2.0,360000,40,40,100.0,"Факультет ""Высшая школа управления""",Менеджмент и международный бизнес / Management and International Business,https://magistratura.fa.ru/fakultet0vysshaya0shkola0upravleniya017/Management0and0International0Business/,1.0,Экономическая теория,Иностранный язык,
Финансовый университет,38.04.02,Менеджмент,Очная,,7,9,2.0,350000,40,40,100.0,"Факультет ""Высшая школа управления""",Менеджмент и маркетинг в спорте,https://magistratura.fa.ru/fakultet0vysshaya0shkola0upravleniya017/Sport0Management0Marketing/,1.0,Экономическая теория,Иностранный язык,
Финансовый университет,38.04.02,Менеджмент,Очная,,7,9,2.0,350000,40,40,100.0,"Факультет ""Высшая школа управления""",Финансовый маркетинг,https://magistratura.fa.ru/fakultet0vysshaya0shkola0upravleniya017/finansovyy0marketing/,1.0,Экономическая теория,Иностранный язык,
Финансовый университет,38.04.02,Менеджмент,Очная,,7,9,2.0,350000,40,40,100.0,"Факультет ""Высшая школа управления""",Стратегия и финансы бизнеса,https://magistratura.fa.ru/fakultet0vysshaya0shkola0upravleniya017/business0strategy0finance/,1.0,Экономическая теория,Иностранный язык,
Финансовый университет,38.04.02,Менеджмент,Очная,,10,15,2.0,360000,40,40,100.0,"Факультет ""Высшая школа управления""",Управление инновациями и предпринимательство,https://magistratura.fa.ru/fakultet0vysshaya0shkola0upravleniya017/upravlenie0innovaciyami0i0predprinimatelstvo01/,1.0,Экономическая теория,Иностранный язык,
Финансовый университет,38.04.02,Менеджмент,Очная,,10,15,2.0,360000,40,40,100.0,"Факультет ""Высшая школа управления""",Проектный менеджмент (дополнительная квалификация Специалист в области проектного управления в органах государственного и муниципального управления),https://magistratura.fa.ru/fakultet0vysshaya0shkola0upravleniya017/project0management/,1.0,Экономическая теория,Иностранный язык,
Финансовый университет,38.04.02,Менеджмент,Очная,,10,6,2.0,350000,40,40,100.0,Факультет экономики и бизнеса,Логистика: финансовые и цифровые технологии (дополнительная квалификация Специалист по автоматизации бизнес0процессов),"https://magistratura.fa.ru/?set_filter=y&arrFilter_302=1660962191&arrFilter_318=4232118838#:~:text=%D0%9B%D0%BE%D0%B3%D0%B8%D1%81%D1%82%D0%B8%D0%BA%D0%B0%3A%20%D1%84%D0%B8%D0%BD%D0%B0%D0%BD%D1%81%D0%BE%D0%B2%D1%8B%D0%B5%20%D0%B8,%D0%9A%D0%BE%D1%80%D0%BF%D0%BE%D1%80%D0%B0%D1%82%D0%B8%D0%B2%D0%BD%D0%BE%D0%B5%20%D1%83%D0%BF%D1%80%D0%B0%D0%B2%D0%BB%D0%B5%D0%BD%D0%B8%D0%B5",1.0,Экономическая теория,Иностранный язык,
Финансовый университет,38.04.02,Менеджмент,Очная,,10,6,2.0,350000,40,40,100.0,Факультет экономики и бизнеса,Корпоративное управление,https://magistratura.fa.ru/?set_filter=y&arrFilter_302=1660962191&arrFilter_318=4232118838#:~:text=%D0%9A%D0%BE%D1%80%D0%BF%D0%BE%D1%80%D0%B0%D1%82%D0%B8%D0%B2%D0%BD%D0%BE%D0%B5%20%D1%83%D0%BF%D1%80%D0%B0%D0%B2%D0%BB%D0%B5%D0%BD%D0%B8%D0%B5,1.0,Экономическая теория,Иностранный язык,
Финансовый университет,38.04.02,Менеджмент,Очная ДОТ,,0,50,2.0,350000,40,40,100.0,Институт открытого образования,Продуктовый маркетинг и аналитика (с полным применением ДОТ),https://magistratura.fa.ru/?set_filter=y&arrFilter_302=1660962191&arrFilter_318=1646630805#:~:text=%D0%9F%D1%80%D0%BE%D0%B4%D1%83%D0%BA%D1%82%D0%BE%D0%B2%D1%8B%D0%B9%20%D0%BC%D0%B0%D1%80%D0%BA%D0%B5%D1%82%D0%B8%D0%BD%D0%B3%20%D0%B8%20%D0%B0%D0%BD%D0%B0%D0%BB%D0%B8%D1%82%D0%B8%D0%BA%D0%B0%20(%D1%81%20%D0%BF%D0%BE%D0%BB%D0%BD%D1%8B%D0%BC%20%D0%BF%D1%80%D0%B8%D0%BC%D0%B5%D0%BD%D0%B5%D0%BD%D0%B8%D0%B5%D0%BC%20%D0%94%D0%9E%D0%A2),0.0,Экономическая теория,Иностранный язык,
Финансовый университет,38.04.02,Менеджмент,Заочная ДОТ,,4,30,2.5,200000,40,40,100.0,Институт открытого образования,Стратегия и финансы бизнеса (с полным применением ДОТ),https://magistratura.fa.ru/?set_filter=y&arrFilter_302=1660962191&arrFilter_318=1646630805#:~:text=%D0%A1%D1%82%D1%80%D0%B0%D1%82%D0%B5%D0%B3%D0%B8%D1%8F%20%D0%B8%20%D1%84%D0%B8%D0%BD%D0%B0%D0%BD%D1%81%D1%8B%20%D0%B1%D0%B8%D0%B7%D0%BD%D0%B5%D1%81%D0%B0%20(%D1%81%20%D0%BF%D0%BE%D0%BB%D0%BD%D1%8B%D0%BC%20%D0%BF%D1%80%D0%B8%D0%BC%D0%B5%D0%BD%D0%B5%D0%BD%D0%B8%D0%B5%D0%BC%20%D0%94%D0%9E%D0%A2),1.0,Экономическая теория,Иностранный язык,
Финансовый университет,38.04.03,Управление персоналом,Очная,,0,15,2.0,350000,40,40,100.0,Факультет социальных наук и массовых коммуникаций,Управление человеческими ресурсами,https://magistratura.fa.ru/fakultet0socialnyh0nauk0i0massovyh0kommunikaciy033/upravlenie0chelovecheskimi0resursami01/,0.0,На выбор: Теории массовых коммуникаций/ или Экономическая теория,Иностранный язык,
Финансовый университет,38.04.03,Управление персоналом,Очная,,6,10,2.0,360000,40,40,100.0,Факультет социальных наук и массовых коммуникаций,Управленческий консалтинг,https://magistratura.fa.ru/fakultet0vysshaya0shkola0upravleniya017/management0consulting/,0.0,На выбор: Теории массовых коммуникаций/ или Экономическая теория,Иностранный язык,
Финансовый университет,38.04.04,Государственное муниципальное управление,Очная,,6,10,2.0,354000,40,40,100.0,"Факультет ""Высшая школа управления""",Управление государственным и муниципальным имуществом,https://magistratura.fa.ru/fakultet0vysshaya0shkola0upravleniya057/upravlenie0gosudarstvennym0i0munitsipalnym0imushchestvom/,0.0,Экономическая теория,Иностранный язык,
Финансовый университет,38.04.04,Государственное муниципальное управление,Очная,,7,9,2.0,350000,40,40,100.0,"Факультет ""Высшая школа управления""",Умные города: управление и цифровые технологии,https://magistratura.fa.ru/fakultet0vysshaya0shkola0upravleniya057/umnye0goroda0upravlenie0i0tsifrovye0tekhnologii/,1.0,Экономическая теория,Иностранный язык,
Финансовый университет,38.04.04,Государственное муниципальное управление,Очная,,7,9,2.0,350000,40,40,100.0,"Факультет ""Высшая школа управления""",Управление социальной сферой,https://magistratura.fa.ru/fakultet0vysshaya0shkola0upravleniya057/upravlenie0v0sotsialnoy0sfere/,1.0,Экономическая теория,Иностранный язык,
Финансовый университет,38.04.04,Государственное муниципальное управление,Очная,,10,5,2.0,370000,40,40,100.0,"Факультет ""Высшая школа управления""",Государственный менеджмент,https://magistratura.fa.ru/fakultet0vysshaya0shkola0upravleniya057/upravlenie0v0sotsialnoy0sfere/,1.0,Экономическая теория,Иностранный язык,
Финансовый университет,,,Заочная ДОТ,,4,15,2.5,350000,40,40,100.0,Институт открытого образования,Государственный менеджмент (с полным применением ДОТ),https://magistratura.fa.ru/institut0otkrytogo0obrazovaniiya/gosudarstvennyy0menedzhment02/,1.0,Экономическая теория,Иностранный язык,
Финансовый университет,38.04.05,Бизнес0информатика,Очная,,10,10,2.0,350000,40,40,100.0,Факультет информационных технологий и анализа больших данных,Управление информационными технологиями в цифровой экономике,https://magistratura.fa.ru/fakultet0informacionnyh0tehnologiy0i0analiza0bolshih0dannyh053/upravlenie0informacionnymi0tehnologiyami0v0cifrovoy0ekonomike01/,1.0,Экономическая теория,Иностранный язык,
Финансовый университет,38.04.08,Финансы и кредит,Очная,,7,9,2.0,350000,40,40,100.0,Финансовый факультет,Банковское дело и риск0менеджмент,https://magistratura.fa.ru/finansovyy0fakultet037/bankovskoe0delo0i0risk0menedzhment/,0.0,Экономическая теория,Иностранный язык,
Финансовый университет,38.04.08,Финансы и кредит,Очная,,7,9,2.0,350000,40,40,100.0,Финансовый факультет,Финансы здравоохранения,https://magistratura.fa.ru/finansovyy0fakultet037/finansy0zdravookhraneniya/,1.0,Экономическая теория,Иностранный язык,
Финансовый университет,38.04.08,Финансы и кредит,Очная,,7,9,2.0,370000,40,40,100.0,Финансовый факультет,Управление финансовыми рисками: прикладная аналитика и технологии в банках,https://magistratura.fa.ru/finansovyy0fakultet037/upravleniye0finansovymi0riskami0prikladnaya0analitika0i0tekhnologii0v0bankakh/,1.0,Экономическая теория,Иностранный язык,
Финансовый университет,38.04.08,Финансы и кредит,Очная,,8,8,2.0,350000,40,40,100.0,Финансовый факультет,Финансы государственного сектора,https://magistratura.fa.ru/finansovyy0fakultet037/finansy0gosudarstvennogo0sektora01/,1.0,Экономическая теория,Иностранный язык,
Финансовый университет,38.04.08,Финансы и кредит,Очная,,8,8,2.0,350000,40,40,100.0,Финансовый факультет,Страховой бизнес,https://magistratura.fa.ru/finansovyy0fakultet037/strahovoy0biznes01/,1.0,Экономическая теория,Иностранный язык,
Финансовый университет,38.04.08,Финансы и кредит,Очная,,8,8,2.0,350000,40,40,100.0,Финансовый факультет,Финансовая математика и анализ рынков,https://magistratura.fa.ru/finansovyy0fakultet037/finansovaya0matematika0i0analiz0rynkov01/,1.0,Экономическая теория,Иностранный язык,
Финансовый университет,38.04.08,Финансы и кредит,Заочная,,0,20,2.5,200000,40,40,100.0,Институт открытого образования,Анализ финансовых рынков (с полным применением ДОТ),https://magistratura.fa.ru/?set_filter=y&arrFilter_302=3278528638&arrFilter_318=1646630805#:~:text=%D0%90%D0%BD%D0%B0%D0%BB%D0%B8%D0%B7%20%D1%84%D0%B8%D0%BD%D0%B0%D0%BD%D1%81%D0%BE%D0%B2%D1%8B%D1%85%20%D1%80%D1%8B%D0%BD%D0%BA%D0%BE%D0%B2%20(%D1%81%20%D0%BF%D0%BE%D0%BB%D0%BD%D1%8B%D0%BC%20%D0%BF%D1%80%D0%B8%D0%BC%D0%B5%D0%BD%D0%B5%D0%BD%D0%B8%D0%B5%D0%BC%20%D0%94%D0%9E%D0%A2),0.0,Экономическая теория,Иностранный язык,
Финансовый университет,38.04.08,Финансы и кредит,Заочная,,4,15,2.5,200000,40,40,100.0,Институт открытого образования,Современное банковское дело и финансовые технологии​ (с полным применением ДОТ),https://magistratura.fa.ru/?set_filter=y&arrFilter_302=3278528638&arrFilter_318=1646630805#:~:text=%D0%A1%D0%BE%D0%B2%D1%80%D0%B5%D0%BC%D0%B5%D0%BD%D0%BD%D0%BE%D0%B5%20%D0%B1%D0%B0%D0%BD%D0%BA%D0%BE%D0%B2%D1%81%D0%BA%D0%BE%D0%B5%20%D0%B4%D0%B5%D0%BB%D0%BE%20%D0%B8%20%D1%84%D0%B8%D0%BD%D0%B0%D0%BD%D1%81%D0%BE%D0%B2%D1%8B%D0%B5%20%D1%82%D0%B5%D1%85%D0%BD%D0%BE%D0%BB%D0%BE%D0%B3%D0%B8%D0%B8%E2%80%8B%20(%D1%81%20%D0%BF%D0%BE%D0%BB%D0%BD%D1%8B%D0%BC%20%D0%BF%D1%80%D0%B8%D0%BC%D0%B5%D0%BD%D0%B5%D0%BD%D0%B8%D0%B5%D0%BC%20%D0%94%D0%9E%D0%A2),1.0,Экономическая теория,Иностранный язык,
Финансовый университет,38.04.09,Государственный аудит,Очная,,10,6,2.0,350000,40,40,100.0,Финансовый факультет,Прикладные технологии внешнего государственного аудита,https://magistratura.fa.ru/fakultet0nalogov0audita0i0biznes0analiza049/prikladnye0tekhnologii0vneshnego0gosudarstvennogo0audita/,1.0,Экономическая теория,Иностранный язык,
Финансовый университет,38.04.09,Государственный аудит,Очная,,10,6,2.0,350000,40,40,100.0,Финансовый факультет,"Государственный финансовый контроль, управление и аудит в цифровой экономике",https://magistratura.fa.ru/fakultet0nalogov0audita0i0biznes0analiza049/gosudarstvennyy0finansovyy0kontrol0upravlenie0i0audit0v0tsifrovoy0ekonomike/,1.0,Экономическая теория,Иностранный язык,
Финансовый университет,39.04.01,Социология,Очная,,45,5,2.0,360000,40,40,100.0,Факультет социальных наук и массовых коммуникаций,Социальное управление стратегическим развитием,https://magistratura.fa.ru/fakultet0socialnyh0nauk0i0massovyh0kommunikaciy05/socialnoe0upravlenie0strategicheskim0razvitiem01/,5.0,На выбор: Общая социология/ или Экономическая теория/ или Теории массовых коммуникаций,Иностранный язык,
Финансовый университет,,,Заочная ДОТ,,30,5,2.5,200000,40,40,100.0,Институт открытого образования,Социология управления  (с полным применением ДОТ),https://magistratura.fa.ru/instititut0otkrytogo0obrazovaniya/sotsiologiya0upravleniya/,3.0,На выбор: Общая социология/ или Экономическая теория/ или Теории массовых коммуникаций,Иностранный язык,
Финансовый университет,40.04.01,Юриспруденция,Очная,,16,9,2.0,360000,40,40,100.0,Юридический факультет,Расследование финансово0экономических правонарушений,,1.0,Теория государства и права,Междисциплинарный экзамен по направлению подготовки 40.04.01 Юриспруденция​,
Финансовый университет,40.04.01,Юриспруденция,Очная,,17,8,2.0,370000,40,40,100.0,Юридический факультет,Юрист для частного бизнеса и власти,,2.0,Теория государства и права,Междисциплинарный экзамен по направлению подготовки 40.04.01 Юриспруденция​,
Финансовый университет,40.04.01,Юриспруденция,Очная,,17,8,2.0,360000,40,40,100.0,Юридический факультет,Юрист в финансовой сфере (дополнительная квалификация Специалист в сфере налогообложения),,2.0,Теория государства и права,Междисциплинарный экзамен по направлению подготовки 40.04.01 Юриспруденция​,
Финансовый университет,40.04.01,Юриспруденция,Очная,,17,8,2.0,370000,40,40,100.0,Юридический факультет,Юридическое сопровождение предпринимательской деятельности (Корпоративный юрист) (дополнительная квалификация Экономист),,2.0,Теория государства и права,Междисциплинарный экзамен по направлению подготовки 40.04.01 Юриспруденция​,
Финансовый университет,40.04.01,Юриспруденция,Очная,,18,7,2.0,360000,40,40,100.0,Юридический факультет,Цифровой юрист (дополнительная квалификация Специалист в сфере бизнес0информатики),,2.0,Теория государства и права,Междисциплинарный экзамен по направлению подготовки 40.04.01 Юриспруденция​,
Финансовый университет,,,Заочная ДОТ,,30,10,2.5,200000,40,40,100.0,Институт открытого образования,Юрист для частного бизнеса и власти (с частичным применением ДОТ),https://magistratura.fa.ru/institut0otkrytogo0obrazoovaniya/yurist0dlya0chastnogo0biznesa0i0vlasti02/,3.0,Теория государства и права,Междисциплинарный экзамен по направлению подготовки 40.04.01 Юриспруденция​,
Финансовый университет,,,Заочная ДОТ,,36,10,2.5,200000,40,40,100.0,Институт открытого образования,Юрист в сфере управления недвижимостью (с полным применением ДОТ),https://magistratura.fa.ru/institut0otkrytogo0obrazoovaniya/distant0yurist0v0sfere0upravleniya0nedvizhimostyu/,4.0,Теория государства и права,Междисциплинарный экзамен по направлению подготовки 40.04.01 Юриспруденция​,
Финансовый университет,41.04.04,Политология,Очная,,15,5,2.0,350000,40,40,100.0,Факультет социальных наук и массовых коммуникаций,PR и GR технологии в политике и бизнесе / PR and GR technologies in policy and business (совместно с университетом имени Алламе Табатабаи (Иран)),https://magistratura.fa.ru/fakultet0socialnyh0nauk0i0massovyh0kommunikaciy025/pr0i0gr0tekhnologii0v0politike0i0biznese0pr0and0gr0technologies0in0policy0and0business/,1.0,На выбор: Теоретические основы политики/ или Теории массовых коммуникаций/ или Экономическая теория,Иностранный язык,
Финансовый университет,41.04.04,Политология,Очная,,20,5,2.0,350000,40,40,100.0,Факультет социальных наук и массовых коммуникаций,Политическое консультирование и стратегический анализ,https://magistratura.fa.ru/#:~:text=%D0%9F%D0%BE%D0%BB%D0%B8%D1%82%D0%B8%D1%87%D0%B5%D1%81%D0%BA%D0%BE%D0%B5%20%D0%BA%D0%BE%D0%BD%D1%81%D1%83%D0%BB%D1%8C%D1%82%D0%B8%D1%80%D0%BE%D0%B2%D0%B0%D0%BD%D0%B8%D0%B5%20%D0%B8%20%D1%81%D1%82%D1%80%D0%B0%D1%82%D0%B5%D0%B3%D0%B8%D1%87%D0%B5%D1%81%D0%BA%D0%B8%D0%B9%20%D0%B0%D0%BD%D0%B0%D0%BB%D0%B8%D0%B7,1.0,На выбор: Теоретические основы политики/ или Теории массовых коммуникаций/ или Экономическая теория,Иностранный язык,
Финансовый университет,42.04.01,Реклама и связи с общественностью,Очная,,0,15,2.0,320000,40,40,100.0,Факультет социальных наук и массовых коммуникаций,Медиабизнес,https://magistratura.fa.ru/pr0fakultet0sotsialnykh0nauk0i0massovykh0kommunikatsiy/mediabiznes/,0.0,На выбор: Теории массовых коммуникаций/ или Теоретические основы политики/ или Экономическая теория,Иностранный язык,
Финансовый университет,43.04.02,Туризм,Очная,,12,4,2.0,350000,40,40,100.0,Факультет экономики и бизнеса,Управление туризмом (с частичной реализацией на англ. языке),https://magistratura.fa.ru/fakultet0ekonomiki0i0biznesa/upravlenie0turizmom0s0chastichnoy0realizatsiey0na0angl0yazyke/,0.0,Экономическая теория,Иностранный язык,
Финансовый университет,,,Заочная ДОТ,,15,5,2.5,200000,40,40,100.0,Институт открытого образования,Управление туризмом (с полным применением ДОТ),https://magistratura.fa.ru/institut0otkrytogo0obrazovaniya0tyrism/upravlenie0turizmom/,0.0,Экономическая теория,Иностранный язык,
Финансовый университет,44.04.01,Педагогическое образование,Заочная,,3,12,2.5,368000,40,40,100.0,Институт открытого образования,Цифровые образовательные практики и технологии (с полным применением ДОТ),https://magistratura.fa.ru/insstitut0otkrytogo0obrazovaniya/tsifrovye0obrazovatelnye0praktiki0i0tekhnologiii/,1.0,На выбор: Междисциплинарный экзамен по направлению подготовки 44.04.01 Педагогическое образование/ или Экономическая теория,Иностранный язык,
Финансовый университет,43.04.03,Гостиничное дело,Очная,,10,6,2.0,369000,40,40,100.0,Факультет экономики и бизнеса,Управление бизнес0проектами в индустрии гостеприимства,https://magistratura.fa.ru/fakultet0ekonomiki0i0biznesagd/upravlenie0biznes0proektami0v0industrii0gostepriimstva/,0.0,Экономическая теория,Иностранный язык,
Финансовый университет,45.04.02,Лингвистика,Очная,,0,16,2.0,370000,40,40,100.0,Факультет международных экономических отношений,Международные коммуникации и корпоративная культура (дополнительная квалификация Специалист по рекламе и связям с общественностью),https://magistratura.fa.ru/fakultet0mezhdunarodnykh0ekonomicheskikh0otnosheniy0lingo/mezhdunarodnye0kommunikatsii0i0korporativnaya0kultura/,0.0,На выбор: Междисциплинарный экзамен по направлению подготовки 45.04.02 Лингвистика/ или Экономическая теория,Иностранный язык,
Финансовый университет,47.04.01,Философия,Очная,,3,12,2.0,371000,40,40,100.0,Факультет социальных наук и массовых коммуникаций,Философия управления,https://magistratura.fa.ru/fakultet0sotsialnykh0nauk0i0massovykh0kommunikatsiy/filosofiya0upravleniya/,1.0,На выбор: Комплексный экзамен по гуманитарным дисциплинам/ или Экономическая теория/ или Теории массовых коммуникаций,Иностранный язык,
РАНХиГС,38.04.02,,Очная,Международный менеджмент,20,15,2.0,595000,80,80,,,,,,,,200.0
РАНХиГС,38.04.02,,Очная,Корпоративный финансовый менеджмент,7,40,2.0,225000,80,80,,,,,,,,200.0
РАНХиГС,38.04.02,,Очная,Управление бизнесом в гостеприимстве,5,20,2.0,330000,80,80,,,,,,,,200.0
РАНХиГС,38.04.02,,Очная,Менеджмент в финансовых организациях,4,35,2.0,216000,80,80,,,,,,,,200.0
РАНХиГС,38.04.02,,Очная,Стратегические инновации и предпринимательство,5,10,2.0,560000,80,80,,,,,,,,200.0
РАНХиГС,38.04.02,,Очная,Управление государственным и корпоративным заказом,5,25,2.0,290000,80,80,,,,,,,,200.0
РАНХиГС,38.04.02,,Очная,Управление маркетингом и продажами в цифровой экономике,6,15,2.0,385000,80,80,,,,,,,,200.0
РАНХиГС,38.04.04,,Очная,Управление проектами и программами,5,85,2.0,210000,80,80,,,,,,,,200.0
РАНХиГС,38.04.04,,Очная,Государственное управление экономическим развитием,4,15,2.0,330000,80,80,,,,,,,,200.0
РАНХиГС,38.04.04,,Очная,Цифровое государство (стратегическое развитие ...,5,60,2.0,210000,80,80,,,,,,,,200.0
РАНХиГС,40.04.01,,Очная,"Финансовое право, налоговое право и налогообложение",5,55,2.0,230000,80,80,,,,,,,,200.0
РАНХиГС,40.04.01,,Очная,Социальная юриспруденция,7,20,2.0,350000,80,80,,,,,,,,200.0
РАНХиГС,09.04.03,,Очная,Разработка компьютерных игр (гейм-дизайн),0,45,2.0,230000,80,80,,,,,,,,200.0
РАНХиГС,38.04.02,,Очная,Международный бизнес,5,15,2.0,350000,80,80,,,,,,,,200.0
РАНХиГС,38.04.02,,Очная,Риск-менеджмент в корпорациях,5,15,2.0,380000,80,80,,,,,,,,200.0
РАНХиГС,38.04.02,,Очная,Международный спортивный менеджмент,5,20,2.0,350000,80,80,,,,,,,,200.0
РАНХиГС,38.04.02,,Очная,Стратегические коммуникации: государство и бизнес. ...,4,10,2.0,520000,80,80,,,,,,,,200.0
РАНХиГС,38.04.02,,Очная,Международный менеджмент,20,15,2.0,595000,80,80,,,,,,,,200.0
РАНХиГС,38.04.02,,Очная,Корпоративный финансовый менеджмент,7,40,2.0,225000,80,80,,,,,,,,200.0
РАНХиГС,38.04.02,,Очная,Управление бизнесом в гостеприимстве,5,20,2.0,330000,80,80,,,,,,,,200.0
РАНХиГС,38.04.02,,Очная,Менеджмент в финансовых организациях,4,35,2.0,216000,80,80,,,,,,,,200.0
РАНХиГС,38.04.02,,Очная,Стратегические инновации и предпринимательство,5,10,2.0,560000,80,80,,,,,,,,200.0
РАНХиГС,38.04.02,,Очная,Управление государственным и корпоративным заказом,5,25,2.0,290000,80,80,,,,,,,,200.0
РАНХиГС,38.04.02,,Очная,Управление маркетингом и продажами в цифровой экономике,6,15,2.0,385000,80,80,,,,,,,,200.0
РАНХиГС,38.04.04,,Очная,Управление проектами и программами,5,85,2.0,210000,80,80,,,,,,,,200.0
РАНХиГС,38.04.04,,Очная,Государственное управление экономическим развитием,4,15,2.0,330000,80,80,,,,,,,,200.0
РАНХиГС,38.04.04,,Очная,Цифровое государство (стратегическое развитие ...,5,60,2.0,210000,80,80,,,,,,,,200.0
РАНХиГС,40.04.01,,Очная,"Финансовое право, налоговое право и налогообложение",5,55,2.0,230000,80,80,,,,,,,,200.0
РАНХиГС,40.04.01,,Очная,Социальная юриспруденция,7,20,2.0,350000,80,80,,,,,,,,200.0
РАНХиГС,09.04.03,,Очная,Разработка компьютерных игр (гейм-дизайн),0,45,2.0,230000,80,80,,,,,,,,200.0
РАНХиГС,38.04.02,,Очная,Международный бизнес,5,15,2.0,350000,80,80,,,,,,,,200.0
РАНХиГС,38.04.02,,Очная,Риск-менеджмент в корпорациях,5,15,2.0,380000,80,80,,,,,,,,200.0
РАНХиГС,38.04.02,,Очная,Международный спортивный менеджмент,5,20,2.0,350000,80,80,,,,,,,,200.0
РАНХиГС,38.04.02,,Очная,Стратегические коммуникации: государство и бизнес. ...,4,10,2.0,520000,80,80,,,,,,,,200.0
РАНХиГС,38.04.08,,Очная,Прикладные корпоративные финансы,4,35,2.0,225000,80,80,,,,,,,,200.0
РАНХиГС,40.04.01,,Очная,Юрист корпорации,8,15,2.0,432000,80,80,,,,,,,,200.0
РАНХиГС,40.04.01,,Очная,"Международное право, европейское право, международная ...",4,30,2.0,220000,80,80,,,,,,,,200.0
РАНХиГС,40.04.01,,Очная,Юрист в государственном аппарате,8,30,2.0,240000,80,80,,,,,,,,200.0
РАНХиГС,41.04.01,,Очная,Международные коммуникации (с углубленным изучением ...,5,10,2.0,344000,80,80,,,,,,,,200.0
РАНХиГС,41.04.04,,Очная,Политическое управление,6,10,2.0,350000,80,80,,,,,,,,200.0
РАНХиГС,37.04.01,,Очная,Когнитивная психология: от классических теорий до ...,6,10,2.0,305000,80,80,,,,,,,,200.0
РАНХиГС,37.04.01,,Очная,Психология управления,10,30,2.0,250000,80,80,,,,,,,,200.0
РАНХиГС,38.04.01,,Очная,Экономика медиаиндустрии,5,15,2.0,370000,80,80,,,,,,,,200.0
РАНХиГС,38.04.01,,Очная,Экономика и право,5,60,2.0,240000,80,80,,,,,,,,200.0
РАНХиГС,38.04.01,,Очная,Корпоративная экономика,5,40,2.0,280000,80,80,,,,,,,,200.0
РАНХиГС,38.04.01,,Очная,Управление инвестициями и инновациями в экономике,8,25,2.0,210000,80,80,,,,,,,,200.0
РАНХиГС,38.04.02,,Очная,Управление бизнесом,15,30,2.0,350000,80,80,,,,,,,,200.0
РАНХиГС,38.04.02,,Очная,Лидерство и глобальная конкурентоспособность. Международная ...,5,10,2.0,520000,80,80,,,,,,,,200.0
РАНХиГС,38.04.03,,Очная,Управление персоналом государственной службы и корпораций,8,60,2.0,200000,80,80,,,,,,,,200.0
РАНХиГС,38.04.04,,Очная,Управление финансами общественного сектора,4,15,2.0,350000,80,80,,,,,,,,200.0
РАНХиГС,38.04.04,,Очная,Общественные связи и медиаполитика,4,50,2.0,210000,80,80,,,,,,,,200.0
РАНХиГС,38.04.04,,Очная,Государственная служба и кадровая политика,5,60,2.0,210000,80,80,,,,,,,,200.0
РАНХиГС,38.04.04,,Очная,Система государственного и муниципального управления,25,160,2.0,190000,80,80,,,,,,,,200.0
РАНХиГС,40.04.01,,Очная,"Гражданское право, семейное право, международное частное ...",7,105,2.0,230000,80,80,,,,,,,,200.0
РАНХиГС,40.04.01,,Очная,"Юрист для бизнеса, власти и обеспечения прав человека",7,30,2.0,240000,80,80,,,,,,,,200.0
РАНХиГС,40.04.01,,Очная,Практическая юриспруденция и экономическое правосудие,0,25,2.0,350000,80,80,,,,,,,,200.0
РАНХиГС,41.04.04,,Очная,Политическое региональное управление и экономическая ...,15,45,2.0,240000,80,80,,,,,,,,200.0
РАНХиГС,09.04.03,,Очная,Цифровые технологии в экономике,5,15,2.0,352000,80,80,,,,,,,,200.0
РАНХиГС,09.04.03,,Очная,Анализ данных и искусственный интеллект,5,15,2.0,334000,80,80,,,,,,,,200.0
РАНХиГС,38.04.01,,Очная,Цифровая экономика,0,15,2.0,380000,80,80,,,,,,,,200.0
РАНХиГС,38.04.01,,Очная,"Банки, финансы, инвестиции",4,35,2.0,216000,80,80,,,,,,,,200.0
РАНХиГС,38.04.01,,Очная,Финансовый контроль и государственный аудит,8,15,2.0,350000,80,80,,,,,,,,200.0
РАНХиГС,38.04.02,,Очная,Управление проектами,5,20,2.0,350000,80,80,,,,,,,,200.0
РАНХиГС,38.04.02,,Очная,Управление международными проектами,5,15,2.0,350000,80,80,,,,,,,,200.0
РАНХиГС,38.04.02,,Очная,Стратегическое развитие туризма,5,10,2.0,350000,80,80,,,,,,,,200.0
РАНХиГС,38.04.02,,Очная,Управление проектами территориального развития,6,15,2.0,450000,80,80,,,,,,,,200.0
РАНХиГС,38.04.04,,Очная,Межгосударственное взаимодействие (с углубленным изучением ...,4,30,2.0,200000,80,80,,,,,,,,200.0
РАНХиГС,38.04.04,,Очная,Управление государственными и муниципальными предприятиями,10,100,2.0,190000,80,80,,,,,,,,200.0
РАНХиГС,38.04.04,,Очная,Мастерство государственного управления и суверенного ...,9,41,2.0,550000,80,80,,,,,,,,200.0
РАНХиГС,38.04.05,,Очная,Бизнес-аналитика,10,25,2.0,340000,80,80,,,,,,,,200.0
РАНХиГС,41.04.01,,Очная,Зарубежное регионоведение и международное сотрудничество о ...,5,10,2.0,344000,80,80,,,,,,,,200.0
РАНХиГС,42.04.02,,Очная,Журналистика и медиатехнологии,7,45,2.0,194000,80,80,,,,,,,,200.0
РАНХиГС,42.04.05,,Очная,Цифровые коммуникации и новые медиа,6,25,2.0,460000,80,80,,,,,,,,200.0
РАНХиГС,38.04.01,,Очная,Экономика и финансы,10,10,2.0,332000,80,80,,,,,,,,200.0
РАНХиГС,38.04.02,,Очная,Инновационный менеджмент и цифровая трансформация,6,15,2.0,341000,80,80,,,,,,,,200.0
РАНХиГС,38.04.02,,Очная,Информационный менеджмент,0,50,2.0,220000,80,80,,,,,,,,200.0
РАНХиГС,38.04.02,,Очная,Управление в арт-бизнесе,6,15,2.0,365000,80,80,,,,,,,,200.0
РАНХиГС,38.04.02,,Очная,Управление производственными системами,5,25,2.0,290000,80,80,,,,,,,,200.0
РАНХиГС,38.04.02,,Очная,Управление цепями поставок в цифровой экономике,6,15,2.0,341000,80,80,,,,,,,,200.0
РАНХиГС,38.04.04,,Очная,Безопасность государственного управления и противодействие ...,10,80,2.0,210000,80,80,,,,,,,,200.0
РАНХиГС,38.04.04,,Очная,Государственное стратегическое управление,0,50,2.0,230000,80,80,,,,,,,,200.0
РАНХиГС,40.04.01,,Очная,Правовое обеспечение государственного и муниципального ...,7,50,2.0,230000,80,80,,,,,,,,200.0
РАНХиГС,40.04.01,,Очная,Международное право для государства и гражданина,0,30,2.0,240000,80,80,,,,,,,,200.0
РАНХиГС,42.04.01,,Очная,Управление публичными коммуникациями,7,10,2.0,400000,80,80,,,,,,,,200.0
РАНХиГС,42.04.05,,Очная,Продюсер креативных индустрий,0,40,2.0,310000,80,80,,,,,,,,200.0
РАНХиГС,37.04.01,,Очная,Психология кризисных состояний и клиническая психология,11,40,2.0,250000,80,80,,,,,,,,200.0
РАНХиГС,38.04.01,,Очная,"Финансы: учет, анализ и аудит",4,35,2.0,216000,80,80,,,,,,,,200.0
РАНХиГС,38.04.01,,Очная,Финансовая дипломатия,4,30,2.0,216000,80,80,,,,,,,,200.0
РАНХиГС,38.04.01,,Очная,Бизнес и финансово-управленческие решения,4,20,2.0,358000,80,80,,,,,,,,200.0
РАНХиГС,38.04.02,,Очная,Управление развитием бизнеса (организации),6,45,2.0,369000,80,80,,,,,,,,200.0
РАНХиГС,38.04.02,,Очная,Технологическое предпринимательство,5,25,2.0,290000,80,80,,,,,,,,200.0
РАНХиГС,38.04.02,,Очная,Международный бизнес: HR-менеджмент в условиях цифровой ...,10,15,2.0,503000,80,80,,,,,,,,200.0
РАНХиГС,38.04.02,,Очная,Стратегический менеджмент и публичная политика,5,10,2.0,340000,80,80,,,,,,,,200.0
РАНХиГС,38.04.02,,Очная,Управление цифровыми проектами,0,80,2.0,390000,80,80,,,,,,,,200.0
РАНХиГС,38.04.02,,Очная,Цифровое и технологическое предпринимательство,8,15,2.0,390000,80,80,,,,,,,,200.0
РАНХиГС,38.04.04,,Очная,Стратегическое управление городом и урбанистика,4,30,2.0,200000,80,80,,,,,,,,200.0
РАНХиГС,38.04.04,,Очная,Государственное управление и национальная безопасность,29,35,2.0,240000,80,80,,,,,,,,200.0
РАНХиГС,38.04.04,,Очная,Продвижение и управление брендами,0,30,2.0,200000,80,80,,,,,,,,200.0
РАНХиГС,38.04.04,,Очная,Региональная политика и стратегическое управление регионом,4,35,2.0,190000,80,80,,,,,,,,200.0
РАНХиГС,38.04.08,,Очная,Финансовая инженерия,4,30,2.0,216000,80,80,,,,,,,,200.0
РАНХиГС,39.04.01,,Очная,"Современные социологические исследования: проектирование, ...",10,10,2.0,340000,80,80,,,,,,,,200.0
РАНХиГС,40.04.01,,Очная,"Гражданское право, гражданский процесс, арбитражный процесс",7,30,2.0,240000,80,80,,,,,,,,200.0
РАНХиГС,41.04.01,,Очная,"Большой Ближний Восток: история, культура, современные ...",6,10,2.0,350000,80,80,,,,,,,,200.0
РАНХиГС,41.04.05,,Очная,Международное экономическое сотрудничество,11,15,2.0,354000,80,80,,,,,,,,200.0
РАНХиГС,46.04.01,,Очная,Социально-экономическая история России и мира,7,10,2.0,340000,80,80,,,,,,,,200.0
РАНХиГС,46.04.01,,Очная,Политическая и культурная история Европы (с углубленным ...,8,10,2.0,340000,80,80,,,,,,,,200.0
РАНХиГС,38.04.02,,Очно-заочная,Корпоративный финансовый менеджмент,7,40,2.0,225000,80,80,,,,,,,,200.0
РАНХиГС,38.04.02,,Очно-заочная,Менеджмент в финансовых организациях,4,35,2.0,216000,80,80,,,,,,,,200.0
РАНХиГС,38.04.02,,Очно-заочная,Управление инвестиционно-строительной деятельностью,0,15,2.0,265000,80,80,,,,,,,,200.0
РАНХиГС,38.04.02,,Очно-заочная,Управление государственным и корпоративным заказом,5,25,2.0,290000,80,80,,,,,,,,200.0
РАНХиГС,38.04.04,,Очно-заочная,Организация и управление в здравоохранении,10,50,2.0,200000,80,80,,,,,,,,200.0
РАНХиГС,38.04.04,,Очно-заочная,Управление проектами и программами,5,85,2.0,210000,80,80,,,,,,,,200.0
РАНХиГС,40.04.01,,Очно-заочная,"Финансовое право, налоговое право и налогообложение",5,55,2.0,230000,80,80,,,,,,,,200.0
РАНХиГС,38.04.02,,Очно-заочная,Маркетинговые стратегии бренд-лидерства,0,15,2.0,260000,80,80,,,,,,,,200.0
РАНХиГС,38.04.08,,Очно-заочная,Прикладные корпоративные финансы,4,35,2.0,225000,80,80,,,,,,,,200.0
РАНХиГС,38.04.08,,Очно-заочная,Инвестиционные стратегии,0,15,2.0,260000,80,80,,,,,,,,200.0
РАНХиГС,40.04.01,,Очно-заочная,Международное бизнес-право (LLM-program in International ...,0,15,2.0,400000,80,80,,,,,,,,200.0
РАНХиГС,37.04.01,,Очно-заочная,Психология управления,10,30,2.0,250000,80,80,,,,,,,,200.0
РАНХиГС,38.04.01,,Очно-заочная,Экономика и право,5,60,2.0,240000,80,80,,,,,,,,200.0
РАНХиГС,38.04.01,,Очно-заочная,Корпоративная экономика,5,40,2.0,280000,80,80,,,,,,,,200.0
РАНХиГС,38.04.02,,Очно-заочная,Корпоративное управление и стратегическое развитие бизнеса,0,75,2.0,216000,80,80,,,,,,,,200.0
РАНХиГС,38.04.03,,Очно-заочная,Управление персоналом государственной службы и корпораций,8,60,2.0,200000,80,80,,,,,,,,200.0
РАНХиГС,38.04.04,,Очно-заочная,Государственная служба и кадровая политика,5,60,2.0,210000,80,80,,,,,,,,200.0
РАНХиГС,38.04.04,,Очно-заочная,Система государственного и муниципального управления,25,160,2.0,190000,80,80,,,,,,,,200.0
РАНХиГС,40.04.01,,Очно-заочная,"Гражданское право, семейное право, международное частное ...",7,105,2.0,230000,80,80,,,,,,,,200.0
РАНХиГС,38.04.02,,Очно-заочная,Корпоративный финансовый менеджмент,7,40,2.0,225000,80,80,,,,,,,,200.0
РАНХиГС,38.04.02,,Очно-заочная,Менеджмент в финансовых организациях,4,35,2.0,216000,80,80,,,,,,,,200.0
РАНХиГС,38.04.02,,Очно-заочная,Управление инвестиционно-строительной деятельностью,0,15,2.0,265000,80,80,,,,,,,,200.0
РАНХиГС,38.04.02,,Очно-заочная,Управление государственным и корпоративным заказом,5,25,2.0,290000,80,80,,,,,,,,200.0
РАНХиГС,38.04.04,,Очно-заочная,Организация и управление в здравоохранении,10,50,2.0,200000,80,80,,,,,,,,200.0
РАНХиГС,38.04.04,,Очно-заочная,Управление проектами и программами,5,85,2.0,210000,80,80,,,,,,,,200.0
РАНХиГС,40.04.01,,Очно-заочная,"Финансовое право, налоговое право и налогообложение",5,55,2.0,230000,80,80,,,,,,,,200.0
РАНХиГС,38.04.02,,Очно-заочная,Маркетинговые стратегии бренд-лидерства,0,15,2.0,260000,80,80,,,,,,,,200.0
РАНХиГС,38.04.08,,Очно-заочная,Прикладные корпоративные финансы,4,35,2.0,225000,80,80,,,,,,,,200.0
РАНХиГС,38.04.08,,Очно-заочная,Инвестиционные стратегии,0,15,2.0,260000,80,80,,,,,,,,200.0
РАНХиГС,40.04.01,,Очно-заочная,Международное бизнес-право (LLM-program in International ...,0,15,2.0,400000,80,80,,,,,,,,200.0
РАНХиГС,37.04.01,,Очно-заочная,Психология управления,10,30,2.0,250000,80,80,,,,,,,,200.0
РАНХиГС,38.04.01,,Очно-заочная,Экономика и право,5,60,2.0,240000,80,80,,,,,,,,200.0
РАНХиГС,38.04.01,,Очно-заочная,Корпоративная экономика,5,40,2.0,280000,80,80,,,,,,,,200.0
РАНХиГС,38.04.02,,Очно-заочная,Корпоративное управление и стратегическое развитие бизнеса,0,75,2.0,216000,80,80,,,,,,,,200.0
РАНХиГС,38.04.03,,Очно-заочная,Управление персоналом государственной службы и корпораций,8,60,2.0,200000,80,80,,,,,,,,200.0
РАНХиГС,38.04.04,,Очно-заочная,Государственная служба и кадровая политика,5,60,2.0,210000,80,80,,,,,,,,200.0
РАНХиГС,38.04.04,,Очно-заочная,Система государственного и муниципального управления,25,160,2.0,190000,80,80,,,,,,,,200.0
РАНХиГС,40.04.01,,Очно-заочная,"Гражданское право, семейное право, международное частное ...",7,105,2.0,230000,80,80,,,,,,,,200.0
РАНХиГС,41.04.04,,Очно-заочная,Политическое региональное управление и экономическая ...,15,45,2.0,240000,80,80,,,,,,,,200.0
РАНХиГС,38.04.01,,Очно-заочная,"Банки, финансы, инвестиции",4,35,2.0,216000,80,80,,,,,,,,200.0
РАНХиГС,38.04.02,,Очно-заочная,Общий и стратегический менеджмент,0,40,2.0,353000,80,80,,,,,,,,200.0
РАНХиГС,38.04.02,,Очно-заочная,Управление лидерством и организационная трансформация,0,15,2.0,280000,80,80,,,,,,,,200.0
РАНХиГС,38.04.04,,Очно-заочная,Управление государственными и муниципальными предприятиями,10,100,2.0,190000,80,80,,,,,,,,200.0
РАНХиГС,38.04.01,,Очно-заочная,Государственное регулирование экономики,10,30,2.0,200000,80,80,,,,,,,,200.0
РАНХиГС,38.04.02,,Очно-заочная,Информационный менеджмент,0,50,2.0,220000,80,80,,,,,,,,200.0
РАНХиГС,38.04.02,,Очно-заочная,Деловое администрирование,0,150,2.0,500000,80,80,,,,,,,,200.0
РАНХиГС,38.04.02,,Очно-заочная,Управление производственными системами,5,25,2.0,290000,80,80,,,,,,,,200.0
РАНХиГС,38.04.04,,Очно-заочная,Психология политического лидерства и управления,0,45,2.0,200000,80,80,,,,,,,,200.0
РАНХиГС,40.04.01,,Очно-заочная,Правовое обеспечение государственного и муниципального ...,7,50,2.0,230000,80,80,,,,,,,,200.0
РАНХиГС,37.04.01,,Очно-заочная,Психология кризисных состояний и клиническая психология,11,40,2.0,250000,80,80,,,,,,,,200.0
РАНХиГС,38.04.01,,Очно-заочная,"Финансы: учет, анализ и аудит",4,35,2.0,216000,80,80,,,,,,,,200.0
РАНХиГС,38.04.01,,Очно-заочная,Финансовая дипломатия,4,30,2.0,216000,80,80,,,,,,,,200.0
РАНХиГС,38.04.01,,Очно-заочная,Бизнес и финансово-управленческие решения,4,20,2.0,358000,80,80,,,,,,,,200.0
РАНХиГС,38.04.02,,Очно-заочная,Технологическое предпринимательство,5,25,2.0,290000,80,80,,,,,,,,200.0
РАНХиГС,38.04.02,,Очно-заочная,Управление цифровыми проектами,0,80,2.0,390000,80,80,,,,,,,,200.0
РАНХиГС,38.04.04,,Очно-заочная,Государственная и муниципальная социальная политика,5,45,2.0,190000,80,80,,,,,,,,200.0
РАНХиГС,38.04.04,,Очно-заочная,Государственное регулирование корпоративного сектора и ...,5,15,2.0,240000,80,80,,,,,,,,200.0
РАНХиГС,38.04.08,,Очно-заочная,Финансовая инженерия,4,30,2.0,216000,80,80,,,,,,,,200.0
РАНХиГС,38.04.02,,Заочная,Корпоративный финансовый менеджмент,7,40,2.5,225000,80,80,,,,,,,,200.0
РАНХиГС,38.04.02,,Заочная,Менеджмент в финансовых организациях,4,35,2.5,216000,80,80,,,,,,,,200.0
РАНХиГС,38.04.04,,Заочная,Организация и управление в здравоохранении,10,50,2.5,200000,80,80,,,,,,,,200.0
РАНХиГС,38.04.04,,Заочная,"Управление в сфере культуры, образования и науки",5,40,2.5,190000,80,80,,,,,,,,200.0
РАНХиГС,38.04.04,,Заочная,Управление проектами и программами,5,85,2.5,210000,80,80,,,,,,,,200.0
РАНХиГС,38.04.04,,Заочная,Цифровое государство (стратегическое развитие ...,5,60,2.5,210000,80,80,,,,,,,,200.0
РАНХиГС,40.04.01,,Заочная,"Финансовое право, налоговое право и налогообложение",5,55,2.5,230000,80,80,,,,,,,,200.0
РАНХиГС,40.04.01,,Заочная,Юрист имущественного комплекса,0,30,2.5,190000,80,80,,,,,,,,200.0
РАНХиГС,09.04.03,,Заочная,Разработка компьютерных игр (гейм-дизайн),0,45,2.5,230000,80,80,,,,,,,,200.0
РАНХиГС,38.04.04,,Заочная,Стратегическое проектирование в сфере просвещения и ...,0,20,2.5,190000,80,80,,,,,,,,200.0
РАНХиГС,38.04.04,,Заочная,Безопасность межконфессиональных и межэтнических отношений,5,15,2.5,190000,80,80,,,,,,,,200.0
РАНХиГС,38.04.04,,Заочная,Антикризисное управление,0,25,2.5,210000,80,80,,,,,,,,200.0
РАНХиГС,38.04.04,,Заочная,Парламентская деятельность и обеспечение межпарламентского ...,0,40,2.5,210000,80,80,,,,,,,,200.0
РАНХиГС,38.04.08,,Заочная,Прикладные корпоративные финансы,4,35,2.5,225000,80,80,,,,,,,,200.0
РАНХиГС,40.04.01,,Заочная,"Международное право, европейское право, международная ...",4,30,2.5,220000,80,80,,,,,,,,200.0
РАНХиГС,40.04.01,,Заочная,Юрист в государственном аппарате,8,30,2.5,240000,80,80,,,,,,,,200.0
РАНХиГС,38.04.01,,Заочная,Экономика и право,5,60,2.5,240000,80,80,,,,,,,,200.0
РАНХиГС,38.04.01,,Заочная,Управление инвестициями и инновациями в экономике,8,25,2.5,210000,80,80,,,,,,,,200.0
РАНХиГС,38.04.02,,Заочная,Корпоративное управление и стратегическое развитие бизнеса,0,75,2.5,216000,80,80,,,,,,,,200.0
РАНХиГС,38.04.02,,Заочная,Корпоративный финансовый менеджмент,7,40,2.5,225000,80,80,,,,,,,,200.0
РАНХиГС,38.04.02,,Заочная,Менеджмент в финансовых организациях,4,35,2.5,216000,80,80,,,,,,,,200.0
РАНХиГС,38.04.04,,Заочная,Организация и управление в здравоохранении,10,50,2.5,200000,80,80,,,,,,,,200.0
РАНХиГС,38.04.04,,Заочная,"Управление в сфере культуры, образования и науки",5,40,2.5,190000,80,80,,,,,,,,200.0
РАНХиГС,38.04.04,,Заочная,Управление проектами и программами,5,85,2.5,210000,80,80,,,,,,,,200.0
РАНХиГС,38.04.04,,Заочная,Цифровое государство (стратегическое развитие ...,5,60,2.5,210000,80,80,,,,,,,,200.0
РАНХиГС,40.04.01,,Заочная,"Финансовое право, налоговое право и налогообложение",5,55,2.5,230000,80,80,,,,,,,,200.0
РАНХиГС,40.04.01,,Заочная,Юрист имущественного комплекса,0,30,2.5,190000,80,80,,,,,,,,200.0
РАНХиГС,09.04.03,,Заочная,Разработка компьютерных игр (гейм-дизайн),0,45,2.5,230000,80,80,,,,,,,,200.0
РАНХиГС,38.04.04,,Заочная,Стратегическое проектирование в сфере просвещения и ...,0,20,2.5,190000,80,80,,,,,,,,200.0
РАНХиГС,38.04.04,,Заочная,Безопасность межконфессиональных и межэтнических отношений,5,15,2.5,190000,80,80,,,,,,,,200.0
РАНХиГС,38.04.04,,Заочная,Антикризисное управление,0,25,2.5,210000,80,80,,,,,,,,200.0
РАНХиГС,38.04.04,,Заочная,Парламентская деятельность и обеспечение межпарламентского ...,0,40,2.5,210000,80,80,,,,,,,,200.0
РАНХиГС,38.04.08,,Заочная,Прикладные корпоративные финансы,4,35,2.5,225000,80,80,,,,,,,,200.0
РАНХиГС,40.04.01,,Заочная,"Международное право, европейское право, международная ...",4,30,2.5,220000,80,80,,,,,,,,200.0
РАНХиГС,40.04.01,,Заочная,Юрист в государственном аппарате,8,30,2.5,240000,80,80,,,,,,,,200.0
РАНХиГС,38.04.01,,Заочная,Экономика и право,5,60,2.5,240000,80,80,,,,,,,,200.0
РАНХиГС,38.04.01,,Заочная,Управление инвестициями и инновациями в экономике,8,25,2.5,210000,80,80,,,,,,,,200.0
РАНХиГС,38.04.02,,Заочная,Корпоративное управление и стратегическое развитие бизнеса,0,75,2.5,216000,80,80,,,,,,,,200.0
РАНХиГС,38.04.02,,Заочная,Менеджмент здравоохранения и цифровизация,5,20,2.5,216000,80,80,,,,,,,,200.0
РАНХиГС,38.04.03,,Заочная,Управление персоналом государственной службы и корпораций,8,60,2.5,200000,80,80,,,,,,,,200.0
РАНХиГС,38.04.04,,Заочная,Национальные и федеративные отношения,5,15,2.5,180000,80,80,,,,,,,,200.0
РАНХиГС,38.04.04,,Заочная,Общественные связи и медиаполитика,4,50,2.5,210000,80,80,,,,,,,,200.0
РАНХиГС,38.04.04,,Заочная,"Инновационные технологии взаимодействия власти, бизнеса и ...",0,25,2.5,262000,80,80,,,,,,,,200.0
РАНХиГС,38.04.04,,Заочная,Государственная служба и кадровая политика,5,60,2.5,210000,80,80,,,,,,,,200.0
РАНХиГС,38.04.04,,Заочная,Система государственного и муниципального управления,25,160,2.5,190000,80,80,,,,,,,,200.0
РАНХиГС,38.04.09,,Заочная,Государственный аудит и контроль,5,15,2.5,210000,80,80,,,,,,,,200.0
РАНХиГС,40.04.01,,Заочная,"Гражданское право, семейное право, международное частное ...",7,105,2.5,230000,80,80,,,,,,,,200.0
РАНХиГС,40.04.01,,Заочная,"Юрист для бизнеса, власти и обеспечения прав человека",7,30,2.5,240000,80,80,,,,,,,,200.0
РАНХиГС,38.04.01,,Заочная,"Банки, финансы, инвестиции",4,35,2.5,216000,80,80,,,,,,,,200.0
РАНХиГС,38.04.04,,Заочная,Межгосударственное взаимодействие (с углубленным изучением ...,4,30,2.5,200000,80,80,,,,,,,,200.0
РАНХиГС,38.04.04,,Заочная,Управление государственными и муниципальными предприятиями,10,100,2.5,190000,80,80,,,,,,,,200.0
РАНХиГС,38.04.04,,Заочная,Государственное управление и внешнеполитическая ...,6,15,2.5,240000,80,80,,,,,,,,200.0
РАНХиГС,38.04.04,,Заочная,Управление государственным и муниципальным имуществом,0,30,2.5,200000,80,80,,,,,,,,200.0
РАНХиГС,40.04.01,,Заочная,Магистр инновационного и предпринимательского права в ...,0,15,2.5,240000,80,80,,,,,,,,200.0
РАНХиГС,42.04.02,,Заочная,Журналистика и медиатехнологии,7,45,2.5,194000,80,80,,,,,,,,200.0
РАНХиГС,38.04.01,,Заочная,Государственное регулирование экономики,10,30,2.5,200000,80,80,,,,,,,,200.0
РАНХиГС,38.04.02,,Заочная,Информационный менеджмент,0,50,2.5,220000,80,80,,,,,,,,200.0
РАНХиГС,38.04.04,,Заочная,Безопасность государственного управления и противодействие ...,10,80,2.5,210000,80,80,,,,,,,,200.0
РАНХиГС,38.04.04,,Заочная,Государственное регулирование природопользования,0,15,2.5,190000,80,80,,,,,,,,200.0
РАНХиГС,38.04.04,,Заочная,Психология политического лидерства и управления,0,45,2.5,200000,80,80,,,,,,,,200.0
РАНХиГС,38.04.04,,Заочная,Государственное стратегическое управление,0,50,2.5,230000,80,80,,,,,,,,200.0
РАНХиГС,40.04.01,,Заочная,Правовое обеспечение государственного и муниципального ...,7,50,2.5,230000,80,80,,,,,,,,200.0
РАНХиГС,40.04.01,,Заочная,Международное право для государства и гражданина,0,30,2.5,240000,80,80,,,,,,,,200.0
РАНХиГС,42.04.05,,Заочная,Продюсер креативных индустрий,0,40,2.5,310000,80,80,,,,,,,,200.0
РАНХиГС,38.04.01,,Заочная,"Финансы: учет, анализ и аудит",4,35,2.5,216000,80,80,,,,,,,,200.0
РАНХиГС,38.04.01,,Заочная,Финансовая дипломатия,4,30,2.5,216000,80,80,,,,,,,,200.0
РАНХиГС,38.04.01,,Заочная,Государственная статистика и анализ данных,0,10,2.5,200000,80,80,,,,,,,,200.0
РАНХиГС,38.04.04,,Заочная,Государственная и муниципальная социальная политика,5,45,2.5,190000,80,80,,,,,,,,200.0
РАНХиГС,38.04.04,,Заочная,Управление развитием российского Севера,0,20,2.5,190000,80,80,,,,,,,,200.0
РАНХиГС,38.04.04,,Заочная,Стратегическое управление городом и урбанистика,4,30,2.5,200000,80,80,,,,,,,,200.0
РАНХиГС,38.04.04,,Заочная,Государственное управление и национальная безопасность,29,35,2.5,240000,80,80,,,,,,,,200.0
РАНХиГС,38.04.04,,Заочная,Продвижение и управление брендами,0,30,2.5,200000,80,80,,,,,,,,200.0
РАНХиГС,38.04.04,,Заочная,Региональная политика и стратегическое управление регионом,4,35,2.5,190000,80,80,,,,,,,,200.0
РАНХиГС,38.04.08,,Заочная,Финансовая инженерия,4,30,2.5,216000,80,80,,,,,,,,200.0
РАНХиГС,40.04.01,,Заочная,"Гражданское право, гражданский процесс, арбитражный процесс",7,30,2.5,240000,80,80,,,,,,,,200.0
РАНХиГС,40.04.01,,Заочная,Антикоррупционная деятельность,0,16,2.5,240000,80,80,,,,,,,,200.0
Плеханова,09.04.02,"Информационные системы и технологии (Высшая школа кибертехнологий, математики и статистики)",Очная,Аналитика данных и системное моделирование,15,15,2.0,340000,44,30,100.0,"Высшая школа
кибертехнологий,
математики и статистики",,,,,,
Плеханова,09.04.03,"Прикладная информатика (Высшая школа кибертехнологий, математики и статистики)",Очная,Информационная бизнес-аналитика и искусственный интеллект*,15,10,2.0,340000,44,30,100.0,"Высшая школа
кибертехнологий,
математики и статистики",,,,,,
Плеханова,10.04.01,"Прикладная информатика (Высшая школа ""Форсайт"")",Очная,Машинное обучение и суперкомпьютерное моделирование в экономике,15,15,2.0,340000,44,30,100.0,"Высшая школа ""Форсайт""",,,,,,
Плеханова,37.04.01,"Информационная безопасность (Высшая школа кибертехнологий, математики и статистики)",Очная,"Защита информационного пространства субъектов экономической
деятельности",20,10,2.0,340000,44,30,100.0,"Высшая школа
кибертехнологий,
математики и статистики",,,,,,
Плеханова,37.04.01,Психология (Высшая школа социально-гуманитарных наук),Очная,Психология в бизнесе и рекламе,20,10,2.0,310000,44,30,100.0,Высшая школа социально-гуманитарных наук,,,,,,
Плеханова,38.04.01,Экономика (Высшая школа экономики и бизнеса),Очная,Международные корпоративные финансы (на английском языке),24,55,2.0,400000,44,30,100.0,"Высшая школа
экономики и бизнеса",,,,,,
Плеханова,38.04.01,Экономика (Высшая школа финансов),Очная,"Корпоративная отчетность, анализ и аудит",24,32,2.0,370000,44,30,100.0,Высшая школа финансов,,,,,,
Плеханова,38.04.01,"Экономика (Высшая школа кибертехнологий, математики и статистики)",Очная,Аналитика данных и системное моделирование,14,15,2.0,340000,44,30,100.0,"Высшая школа
кибертехнологий,
математики и статистики",,,,,,
Плеханова,38.04.01,"Экономика (Высшая инженерная школа ""Новые материалы и технологии"")",Очная,Экономика высокотехнологичных предприятий промышленности,10,15,2.0,370000,44,30,100.0,"Высшая инженерная
школа ""Новые материалы
и технологии""",,,,,,
Плеханова,38.04.01,"Экономика (специальный факультет талантливой молодежи ""Высшая школа Форсайт)",Очная,Data Scientist для экономики,10,10,2.0,230000,44,30,100.0,"Высшая школа ""Форсайт""",,,,,,
Плеханова,38.04.02,Менеджмент (Высшая школа менеджмента),Очная,Управление проектами,10,60,2.0,370000,44,30,100.0,"Высшая школа
менеджмента",,,,,,
Плеханова,38.04.02,Менеджмент (Высшая школа финансов),Очная,Комплаенс-сопровождение бизнеса,25,5,2.0,370000,44,30,100.0,Высшая школа финансов,,,,,,
Плеханова,38.04.02,"Менеджмент (Высшая инженерная школа ""Новые материалы и технологии"")",Очная,Менеджмент в индустрии питания,10,10,2.0,370000,44,30,100.0,"Высшая инженерная
школа ""Новые материалы
и технологии""",,,,,,
Плеханова,38.04.02,Менеджмент (Высшая школа экономики и бизнеса),Очная,Бизнес-технологии интегрированной логистики,15,74,2.0,370000,44,30,100.0,"Высшая школа
экономики и бизнеса",,,,,,
Плеханова,38.04.02,"Менеджмент (факультет бизнеса ""КАПИТАНЫ"")",Очная,Цифровой менеджмент и предпринимательство,25,20,2.0,370000,44,30,100.0,"Факультет бизнеса
""Капитаны""",,,,,,
Плеханова,38.04.03,Управление персоналом (Высшая школа экономики и бизнеса),Очная,Стратегическое управление персоналом организации,9,10,2.0,370000,44,30,100.0,"Высшая школа
экономики и бизнеса",,,,,,
Плеханова,38.04.04,Государственное и муниципальное управление (Высшая школа права),Очная,Цифровое публичное управление,14,5,2.0,370000,44,30,100.0,Высшая школа права,,,,,,
Плеханова,38.04.04,"Государственное и муниципальное управление (факультет бизнеса ""КАПИТАНЫ"")",Очная,Государственная политика и социальное лидерство,8,20,2.0,370000,44,30,100.0,"Факультет бизнеса
""Капитаны""",,,,,,
Плеханова,38.04.05,"Бизнес-информатика (Высшая школа кибертехнологий, математики и статистики)",Очная,Цифровой бизнес,15,15,2.0,330000,44,30,100.0,"Высшая школа
кибертехнологий,
математики и статистики",,,,,,
Плеханова,38.04.06,Торговое дело (Высшая школа экономики и бизнеса),Очная,Организация и технология торгового бизнеса,14,10,2.0,3100000,44,30,100.0,"Высшая школа
экономики и бизнеса",,,,,,
Плеханова,38.04.07,"Товароведение (Высшая инженерная школа ""Новые материалы и технологии"")",Очная,Пищевые инновации и продакт-дизайн,15,5,2.0,310000,44,30,100.0,"Высшая инженерная
школа ""Новые материалы
и технологии""",,,,,,
Плеханова,38.04.08,Финансы и кредит (Высшая школа финансов),Очная,,30,60,2.0,370000,44,30,100.0,Высшая школа финансов,,,,,,
Плеханова,40.04.01,Юриспруденция (Высшая школа права),Очная,"Правовое обеспечение информационной безопасности и цифровой Высшая школа права
экономики",0,30,2.0,320000,44,30,100.0,Высшая школа права,,,,,,
Плеханова,41.04.05,Международные отношения (Высшая школа экономики и бизнеса),Очная,Торговая дипломатия в международном бизнесе,0,15,2.0,350000,44,30,100.0,"Высшая школа
экономики и бизнеса",,,,,,
Плеханова,42.04.01,Реклама и связи с общественностью (Высшая школа экономики и бизнеса),Очная,Рекламные технологии бизнеса,8,15,2.0,370000,44,30,100.0,"Высшая школа
экономики и бизнеса",,,,,,
Плеханова,42.04.05,"Медиакоммуникации (институт ""Первая академия медиа"")",Очная,Медиабрендинг в цифровых форматах,7,15,2.0,370000,44,30,100.0,"Институт ""Первая
Академия медиа""",,,,,,
Плеханова,42.04.05,Медиакоммуникации (Высшая школа креативных индустрий),Очная,Мультимедийные цифровые технологии в креативных индустриях,0,15,2.0,370000,44,30,100.0,"Высшая школа креативных
индустрий",,,,,,
Плеханова,43.04.03,Гостиничное дело (Высшая школа менеджмента),Очная,Корпоративные стратегии индустрии гостеприимства,15,15,2.0,310000,44,30,100.0,"Высшая школа
менеджмента",,,,,,
Плеханова,01.04.04,"Прикладная математика (Высшая школа кибертехнологий, математики и статистики)",Очно-заочная,Интеллектуальные системы моделирования экономических процессов,0,15,2.5,180000,44,30,100.0,"Высшая школа
кибертехнологий,
математики и статистики",,,,,,
Плеханова,01.04.05,"Статистика (Высшая школа кибертехнологий, математики и статистики)",Очно-заочная,Аналитика данных и системное моделирование,0,10,2.5,220000,44,30,100.0,"Высшая школа
кибертехнологий,
математики и статистики",,,,,,
Плеханова,02.04.03,"Математическое обеспечение и администрирование информационных систем (Высшая школа кибертехнологий, математики и статистики)",Очно-заочная,Разработка и управление цифровыми платформами,0,10,2.5,220000,44,30,100.0,"Высшая школа
кибертехнологий,
математики и статистики",,,,,,
Плеханова,05.04.06,"Экология и природопользование (Высшая инженерная школа ""Новые материалы и технологии"")",Очно-заочная,ESG-трансформация предприятий,0,10,2.5,190000,44,30,100.0,"Высшая инженерная
школа ""Новые материалы
и технологии""",,,,,,
Плеханова,09.04.03,"Прикладная информатика (Высшая школа кибертехнологий, математики и статистики)",Очно-заочная,Информационная бизнес-аналитика и искусственный интеллект*,0,10,2.5,140000,44,30,100.0,"Высшая школа
кибертехнологий,
математики и статистики",,,,,,
Плеханова,27.04.05,Инноватика (Высшая школа менеджмента),Очно-заочная,Управление инновационными бизнес-системами ,0,10,2.5,190000,44,30,100.0,"Высшая школа
менеджмента",,,,,,
Плеханова,38.04.01,Экономика (Высшая школа финансов),Очно-заочная,"Финансовая аналитика и устойчивые финансы (ESG) (на английском
языке)",0,25,2.5,230000,44,30,100.0,Высшая школа финансов,,,,,,
Плеханова,38.04.01,Экономика (Высшая школа экономики и бизнеса),Очно-заочная,Международная экономика и бизнес,0,30,2.5,230000,44,30,100.0,"Высшая школа экономики
и бизнеса",,,,,,
Плеханова,38.04.01,"Экономика (Высшая инженерная школа ""Новые материалы и технологии"")",Очно-заочная,Экономика высокотехнологичных предприятий промышленности,0,15,2.5,230000,44,30,100.0,"Высшая инженерная
школа ""Новые материалы
и технологии""",,,,,,
Плеханова,38.04.01,"Экономика (факультет ""Плехановская школа бизнеса ""Интеграл"")",Очно-заочная,"Экономика и планирование материально-технического обеспечения
компании",0,40,2.5,230000,44,30,100.0,"Факультет ""Плехановская
школа бизнеса ""Интеграл""",,,,,,
Плеханова,38.04.02,Менеджмент (Высшая школа экономики и бизнеса),Очно-заочная,Маркетинг и продажи,0,25,2.5,230000,44,30,100.0,"Высшая школа экономики
и бизнеса",,,,,,
Плеханова,38.04.02,Менеджмент (Высшая школа финансов),Очно-заочная,Комплаенс-сопровождение бизнеса,0,15,2.5,230000,44,30,100.0,Высшая школа финансов,,,,,,
Плеханова,38.04.02,Менеджмент (Высшая школа менеджмента),Очно-заочная,Управление проектами устойчивого развития,0,20,2.5,230000,44,30,100.0,"Высшая школа
менеджмента",,,,,,
Плеханова,38.04.02,"Менеджмент (факультет ""Плехановская школа бизнеса ""Интеграл"")",Очно-заочная,Управление государственными и частными финансами,0,20,2.5,230000,44,30,100.0,"Факультет ""Плехановская
школа бизнеса ""Интеграл""",,,,,,
Плеханова,38.04.02,"Менеджмент (Высшая инженерная школа ""Новые материалы и технологии"")",Очно-заочная,Цифровая трансформация коммуникационных и логистических услуг,0,10,2.5,230000,44,30,100.0,"Высшая инженерная
школа ""Новые материалы
и технологии""",,,,,,
Плеханова,38.04.03,Управление персоналом (Высшая школа экономики и бизнеса),Очно-заочная,Стратегическое управление персоналом организации Высшая школа экономики и бизнеса,0,15,2.5,230000,44,30,100.0,"Высшая школа
экономики и бизнеса",,,,,,
Плеханова,38.04.04,Государственное и муниципальное управление (Высшая школа права),Очно-заочная,Государственное управление ,0,14,2.5,230000,44,30,100.0,Высшая школа права,,,,,,
Плеханова,38.04.07,"Товароведение (Высшая инженерная школа ""Новые материалы и технологии"")",Очно-заочная,Управление модным продуктом,0,15,2.5,190000,44,30,100.0,"Высшая инженерная
школа ""Новые материалы
и технологии""",,,,,,
Плеханова,38.04.08,Финансы и кредит (Высшая школа финансов),Очно-заочная,Финансовая аналитика,0,50,2.5,230000,44,30,100.0,Высшая школа финансов,,,,,,
Плеханова,40.04.01,Юриспруденция (Высшая школа права),Очно-заочная,"Правовое обеспечение информационной безопасности и цифровой Высшая школа права
экономики",0,25,2.5,230000,44,30,100.0,Высшая школа права,,,,,,
Плеханова,40.04.01,"Юриспруденция (факультет ""Плехановская школа бизнеса ""Интеграл"")",Очно-заочная,Судебная финансово-экономическая экспертиза,0,35,2.5,230000,44,30,100.0,"Факультет ""Плехановская
школа бизнеса ""Интеграл""",,,,,,
Плеханова,41.04.05,Международные отношения (Высшая школа экономики и бизнеса),Очно-заочная,Торговая дипломатия в международном бизнесе,0,15,2.5,220000,44,30,100.0,"Высшая школа
экономики и бизнеса",,,,,,
Плеханова,42.04.01,Реклама и связи с общественностью (Высшая школа экономики и бизнеса),Очно-заочная,Рекламные технологии бизнеса,0,30,2.5,230000,44,30,100.0,"Высшая школа
экономики и бизнеса",,,,,,
Плеханова,43.04.01,Гостиничное дело (Высшая школа менеджмента),Очно-заочная,Стратегический менеджмент и маркетинг в гостиничном бизнесе,0,15,2.5,180000,44,30,100.0,"Высшая школа
менеджмента",,,,,,
